question,response
"How do I reset my password?","To reset your password, go to the settings page and click on 'Reset Password'."
"What is your return policy?","To reset your password, go to the settings page and click on 'Reset Password'."
"How do I contact customer support?","To reset your password, go to the settings page and click on 'Reset Password'."
"Where can I find my order history?","To reset your password, go to the settings page and click on 'Reset Password'."
"How do I change my account settings?","To reset your password, go to the settings page and click on 'Reset Password'."
"Where do I update my payment method?","To reset your password, go to the settings page and click on 'Reset Password'."
"What are your business hours?","To reset your password, go to the settings page and click on 'Reset Password'."
"How can I track my order?","To reset your password, go to the settings page and click on 'Reset Password'."
"Can I cancel my order?","To reset your password, go to the settings page and click on 'Reset Password'."
"How do I apply a discount code?","To reset your password, go to the settings page and click on 'Reset Password'."
"Where is my shipment?","To reset your password, go to the settings page and click on 'Reset Password'."
"What is the warranty on your products?","To reset your password, go to the settings page and click on 'Reset Password'."
"How can I return an item?","To reset your password, go to the settings page and click on 'Reset Password'."
"Do you offer international shipping?","To reset your password, go to the settings page and click on 'Reset Password'."
"How do I update my email address?","To reset your password, go to the settings page and click on 'Reset Password'."
"Can I change my delivery address?","To reset your password, go to the settings page and click on 'Reset Password'."
"What payment methods do you accept?","To reset your password, go to the settings page and click on 'Reset Password'."
"How do I check my order status?","To reset your password, go to the settings page and click on 'Reset Password'."
"Can I get a refund?","To reset your password, go to the settings page and click on 'Reset Password'."
"How do I use a gift card?","To reset your password, go to the settings page and click on 'Reset Password'."
"Where do I find my order number?","To reset your password, go to the settings page and click on 'Reset Password'."
"How do I change my password?","To reset your password, go to the settings page and click on 'Reset Password'."
"How can I contact support?","To reset your password, go to the settings page and click on 'Reset Password'."
"What is your privacy policy?","To reset your password, go to the settings page and click on 'Reset Password'."
"How do I unsubscribe from emails?","To reset your password, go to the settings page and click on 'Reset Password'."
"How can I update my profile information?","To reset your password, go to the settings page and click on 'Reset Password'."
"Where can I find your store locations?","To reset your password, go to the settings page and click on 'Reset Password'."
"How do I sign up for your newsletter?","To reset your password, go to the settings page and click on 'Reset Password'."
"Can I view my purchase history?","To reset your password, go to the settings page and click on 'Reset Password'."
"What should I do if I forgot my password?","To reset your password, go to the settings page and click on 'Reset Password'."
"How do I update my payment information?","To reset your password, go to the settings page and click on 'Reset Password'."
"Do you offer gift wrapping?","To reset your password, go to the settings page and click on 'Reset Password'."
"How can I provide feedback?","To reset your password, go to the settings page and click on 'Reset Password'."
"Can I modify my order after placing it?","To reset your password, go to the settings page and click on 'Reset Password'."
"Where do I find your return form?","To reset your password, go to the settings page and click on 'Reset Password'."
"How do I redeem my points?","To reset your password, go to the settings page and click on 'Reset Password'."
"What is your shipping policy?","To reset your password, go to the settings page and click on 'Reset Password'."
"How do I report a problem with my order?","To reset your password, go to the settings page and click on 'Reset Password'."
"Can I exchange an item?","To reset your password, go to the settings page and click on 'Reset Password'."
"How do I check the balance on my gift card?","To reset your password, go to the settings page and click on 'Reset Password'."
"Do you offer price matching?","To reset your password, go to the settings page and click on 'Reset Password'."
"How do I find my order tracking number?","To reset your password, go to the settings page and click on 'Reset Password'."
"What is your cancellation policy?","To reset your password, go to the settings page and click on 'Reset Password'."
"How can I update my shipping address?","To reset your password, go to the settings page and click on 'Reset Password'."
"Can I make changes to my subscription?","To reset your password, go to the settings page and click on 'Reset Password'."
"How do I delete my account?","To reset your password, go to the settings page and click on 'Reset Password'."
"Where do I find your terms of service?","To reset your password, go to the settings page and click on 'Reset Password'."
"How do I check if my order was shipped?","To reset your password, go to the settings page and click on 'Reset Password'."
"What should I do if I receive a damaged item?","To reset your password, go to the settings page and click on 'Reset Password'."
"How do I change my subscription plan?","To reset your password, go to the settings page and click on 'Reset Password'."
"Can I use multiple discount codes?","To reset your password, go to the settings page and click on 'Reset Password'."
"How do I find out about special promotions?","To reset your password, go to the settings page and click on 'Reset Password'."
"What is your policy on out-of-stock items?","To reset your password, go to the settings page and click on 'Reset Password'."
"How do I add items to my wishlist?","To reset your password, go to the settings page and click on 'Reset Password'."
"Can I get a copy of my invoice?","To reset your password, go to the settings page and click on 'Reset Password'."
"How do I change my shipping method?","To reset your password, go to the settings page and click on 'Reset Password'."
"How can I contact the sales team?","To reset your password, go to the settings page and click on 'Reset Password'."
"Where can I find your contact information?","To reset your password, go to the settings page and click on 'Reset Password'."
"How do I apply for a job at your company?","To reset your password, go to the settings page and click on 'Reset Password'."
"Can I track my return?","To reset your password, go to the settings page and click on 'Reset Password'."
"How do I manage my subscriptions?","To reset your password, go to the settings page and click on 'Reset Password'."
"Where can I find your customer reviews?","To reset your password, go to the settings page and click on 'Reset Password'."
"How do I set up an account?","To reset your password, go to the settings page and click on 'Reset Password'."
"What are the benefits of signing up?","To reset your password, go to the settings page and click on 'Reset Password'."
"How do I check my reward points balance?","To reset your password, go to the settings page and click on 'Reset Password'."
"Can I change my order after it's been shipped?","To reset your password, go to the settings page and click on 'Reset Password'."
"What is your policy on lost packages?","To reset your password, go to the settings page and click on 'Reset Password'."
"How do I sign in to my account?","To reset your password, go to the settings page and click on 'Reset Password'."
"Where can I find your store hours?","To reset your password, go to the settings page and click on 'Reset Password'."
"How do I apply for a refund?","To reset your password, go to the settings page and click on 'Reset Password'."
"Can I purchase a gift card online?","To reset your password, go to the settings page and click on 'Reset Password'."
"What do I do if my order is incorrect?","To reset your password, go to the settings page and click on 'Reset Password'."
"How do I track a package?","To reset your password, go to the settings page and click on 'Reset Password'."
"Can I get an extension on a return?","To reset your password, go to the settings page and click on 'Reset Password'."
"How do I get a replacement for a defective item?","To reset your password, go to the settings page and click on 'Reset Password'."
"Where can I find your FAQs?","To reset your password, go to the settings page and click on 'Reset Password'."
"How do I update my billing address?","To reset your password, go to the settings page and click on 'Reset Password'."
"Can I return a gift?","To reset your password, go to the settings page and click on 'Reset Password'."
"How do I manage my account settings?","To reset your password, go to the settings page and click on 'Reset Password'."
"Where do I find my tracking number?","To reset your password, go to the settings page and click on 'Reset Password'."
"How do I cancel a subscription?","To reset your password, go to the settings page and click on 'Reset Password'."
"Can I get a price adjustment?","To reset your password, go to the settings page and click on 'Reset Password'."
"How do I report an issue with a product?","To reset your password, go to the settings page and click on 'Reset Password'."
"Where can I find your return policy?","To reset your password, go to the settings page and click on 'Reset Password'."
"How do I get a copy of my purchase receipt?","To reset your password, go to the settings page and click on 'Reset Password'."
"Can I make changes to my order?","To reset your password, go to the settings page and click on 'Reset Password'."
"How do I use a store credit?","To reset your password, go to the settings page and click on 'Reset Password'."
"What is your policy on exchanges?","To reset your password, go to the settings page and click on 'Reset Password'."
"How do I update my shipping information?","To reset your password, go to the settings page and click on 'Reset Password'."
"Where can I find your product catalog?","To reset your password, go to the settings page and click on 'Reset Password'."
"How do I reach out to customer service?","To reset your password, go to the settings page and click on 'Reset Password'."
"Can I change my order once it's been placed?","To reset your password, go to the settings page and click on 'Reset Password'."
"How do I apply for a job?","To reset your password, go to the settings page and click on 'Reset Password'."
"Where can I find product reviews?","To reset your password, go to the settings page and click on 'Reset Password'."
"How do I sign up for an account?","To reset your password, go to the settings page and click on 'Reset Password'."
"What are your shipping options?","To reset your password, go to the settings page and click on 'Reset Password'."
"How do I get a discount on my order?","To reset your password, go to the settings page and click on 'Reset Password'."
"Can I update my order after itâ€™s been shipped?","To reset your password, go to the settings page and click on 'Reset Password'."
"How do I find out about promotions?","To reset your password, go to the settings page and click on 'Reset Password'."
"What is your policy on damaged goods?","To reset your password, go to the settings page and click on 'Reset Password'."
"How can I manage my email preferences?","To reset your password, go to the settings page and click on 'Reset Password'."
"Where can I find more information about your products?","To reset your password, go to the settings page and click on 'Reset Password'."
"How do I contact support for help?","To reset your password, go to the settings page and click on 'Reset Password'."
"Can I return an online purchase to a store?","To reset your password, go to the settings page and click on 'Reset Password'."
"How do I get in touch with your team?","To reset your password, go to the settings page and click on 'Reset Password'."
"What are your store policies?","To reset your password, go to the settings page and click on 'Reset Password'."
"How do I update my personal information?","To reset your password, go to the settings page and click on 'Reset Password'."
"Where do I find your contact details?","To reset your password, go to the settings page and click on 'Reset Password'."
"How can I check the status of my return?","To reset your password, go to the settings page and click on 'Reset Password'."
"Can I exchange an item purchased online?","To reset your password, go to the settings page and click on 'Reset Password'."
"How do I get a replacement for an incorrect order?","To reset your password, go to the settings page and click on 'Reset Password'."
